VvINV2,VvACYT,VvADH1,VvAGPL,VvHP,VvDMR6,VvLOX,VvOLP,VvSAMT,VvSUSY,VvWRKY,VvCASY,VvCKO,VvGLC1,VvGLC2,VvGLC3,status
-1.056242096,1.304451567,1.903151389,0.541593594,-0.315834778,-0.349925693,-0.593874893,-0.127468136,NA,0.532755985,1.659433825,0.274322086,1.869017857,-0.25447009,-0.209752524,NA,0
9.339403794,0.051530254,0.125234716,10.91174456,1.357141864,7.479629662,0.142119213,17.64547319,23.7060386,2.072801899,7.806911727,1.762628054,-0.094187187,2.115238937,6.784421553,12.1308428,1
-0.833875339,0.186981207,-1.062933988,-1.161194828,-0.105478659,-0.728241046,-0.65993111,-0.673217474,NA,-1.514583908,0.251001275,NA,-0.33542585,-0.828495283,-0.39775311,-0.254624334,0
-1.000650407,-0.524136296,0.094012765,-1.179926393,-0.767682758,-0.305156834,-0.610175863,-0.470619112,NA,-1.894730035,0.764502576,0.723360056,-0.246872747,-0.926639617,-0.354795642,-0.838009633,0
NA,-0.828900939,-0.920700654,-1.129975554,-0.695538963,-0.684212169,-1.042098287,-0.702974109,-0.620293928,0.816892509,-0.559660567,-0.757631281,0.362060558,-1.077904843,-0.40782457,NA,0
-1.056242096,0.017667516,0.10962374,-1.18349431,-0.65718884,-0.357325504,-0.946423315,-0.627632843,NA,-0.986531097,-1.678817432,-0.284935564,NA,0.468843361,-0.232515817,-0.441422079,0
NA,0.085392992,1.068831467,-0.308462649,-0.38228301,0.067978651,-0.301203236,0.85513392,NA,0.017677444,0.348083575,-0.393539791,NA,0.677501627,0.043276892,NA,0
0.611508582,-1.336842012,-1.151396183,-0.675066127,-0.241602609,-0.300346957,0.032700286,-0.21483868,NA,-1.6196755,-0.904376651,NA,NA,-0.165371067,-0.293642916,-0.732654888,0
0.72269196,0.085392992,-0.025671383,0.21780512,NA,-0.09944208,-0.187948787,NA,NA,0.282352563,-0.025461517,NA,NA,-0.608929834,-0.338682588,NA,0
-0.111183379,0.254706683,0.498163579,0.301651171,-0.329883832,-0.371200151,0.377684206,-0.69474355,-0.531080758,0.476966621,-0.213466072,NA,NA,0.047295302,-0.202205335,-0.481888111,0
-0.77828365,-0.050057961,-0.785405531,-0.508266004,-0.003338233,-0.415784013,-0.078210233,-0.620351965,-0.82321016,NA,0.854439224,NA,-0.668524578,NA,-0.430837728,NA,0
1.667750678,0.017667516,0.295220896,-0.644738832,0.417753709,0.64923383,0.062638668,0.834240964,0.474754011,-1.156494041,-0.970412326,NA,0.00219522,1.428580662,0.472614518,NA,0
0.722691961,0.085392992,0.65080423,0.500562547,0.385478854,0.220229769,0.598546363,-0.282582508,-0.331663082,1.38516556,0.308166487,NA,NA,NA,-0.046456485,NA,0
0.889467028,-0.083920699,-0.743776263,0.152690633,0.149872407,0.562471042,0.435323582,0.326795379,0.068921548,-0.523349639,-0.558921361,NA,NA,1.857203833,0.036530551,0.294017403,0
21.45839206,-0.320959867,0.701106263,15.42783559,3.610876057,7.379547213,2.134459946,17.25230574,38.81367682,2.624208397,7.228113955,NA,-0.31255976,7.885687048,8.969973218,58.3262931,1
0.277958446,-0.320959867,-0.424618538,2.882147191,2.864187776,-0.087972373,0.208388514,-0.335448018,1.642396981,-0.267756508,-0.465288687,NA,NA,NA,NA,0.238938637,0
33.91093045,-0.62572451,0.460003416,81.97216486,6.474605023,12.94291036,6.172732181,21.04880912,33.00257577,1.273586833,10.41778495,NA,0.436763989,2.837550361,NA,19.38652503,1
47.14175249,-0.659587249,15.15166607,62.34416109,12.14605659,5.455226282,3.800142032,13.11961571,112.551861,37.64306203,6.991568248,NA,-0.468128313,8.668885059,3.390704725,520.0224162,1
34.74480579,-1.438430227,22.91379008,65.88621077,19.99435225,5.420262173,0.595456636,11.48331738,143.9557718,22.65907698,7.016208428,NA,NA,7.398188108,9.065741781,419.9183936,1
10.50682927,-0.524136296,-0.218206749,15.94875148,0.264732923,7.199361808,0.582245393,24.71583947,11.59841191,3.42472089,2.114537905,NA,1.543918021,9.141698911,15.61754684,9.578825903,1
23.23732611,-1.167528321,-0.216472196,22.12035603,0.415855188,14.85705655,1.492968847,29.21035751,43.78599913,3.378013516,4.545537824,NA,NA,7.91616758,9.894683162,15.25480006,1
22.62581753,-1.167528321,2.132112365,87.81641304,2.650604172,7.121663789,2.703715375,21.5467579,33.98392065,4.960874523,6.331950697,NA,-0.103005753,NA,2.611922035,7.519452292,1
37.07965673,-0.862763678,1.965595292,68.00466153,2.555488273,13.819603,4.072144486,39.47671295,54.99974484,9.237194095,11.4938215,NA,-0.453261115,NA,NA,NA,1
12.84168022,0.830373232,0.871092442,18.69872356,2.247548179,14.62803239,0.531424723,31.7526504,28.45882654,0.469182059,3.70136534,NA,-0.441559555,4.855230231,13.25347022,3.415317803,1
1.278608853,0.69492228,0.772222929,0.310570963,-0.006186014,2.120686309,2.107291663,2.010577705,-0.258193412,0.103307629,-0.194000332,NA,-0.647156513,1.145494922,2.097156389,1.722080035,0
14.28706414,0.390157636,0.692433499,27.04408159,1.867843993,6.92390383,1.834223786,15.52895342,24.38038522,-0.841219267,0.767705799,NA,-0.742577922,3.117162865,12.52440415,4.092919471,1
21.95871726,-0.896626416,-0.093318943,26.53030153,2.290644604,13.37487434,2.920422383,15.71730659,46.97930586,4.680630279,6.036514968,3.587144631,-0.756936357,5.383074237,6.161547882,41.39994444,1
18.06729901,0.153118468,2.959494075,27.92535711,0.467305106,17.74039302,1.069250179,22.70125201,23.88971278,5.097104364,6.587962142,5.30140873,NA,7.53407089,6.988458312,3.045707604,1
7.393694671,-0.795038201,0.012488781,23.54752286,2.477838767,4.871566164,-0.739092028,11.91225609,15.84565855,-0.270351363,1.50888234,-1.153293767,-0.720757624,NA,NA,3.816095022,1
23.62646794,-1.235253798,0.810383092,65.66410794,0.365354532,14.81654258,3.19018745,25.63417986,21.20457126,0.339439353,4.976740931,7.048063849,NA,7.019463098,14.24684164,2.797904249,1
1.215534294,0.434172042,-0.917228727,-0.339277087,0.169102891,1.258312684,1.541773652,0.968475799,2.25704845,0.341408306,1.451966346,0.691611347,1.052334826,1.463685987,1.059091679,0.535705238,0
-0.078479543,-0.028944803,1.077883861,5.99787332,1.044731561,3.619803612,0.238284834,4.83183571,0.0908269,4.795595736,0.20797396,1.625629047,-0.22221499,-0.447304367,3.830173906,0.315120728,1
-0.433135187,-0.028944803,-1.731712893,-0.339277087,-0.508466913,-0.741197883,-0.210917467,-0.274125343,-0.208901869,-0.873370084,0.152321669,-0.58136439,0.079797902,-0.447304367,-0.605551242,0.126048292,0
NA,-0.72362007,NA,0.090360229,-1.081795208,0.172371601,-0.186853058,0.49402809,-0.386014322,0.206432929,-0.400927577,-0.332795163,0.160149955,-0.212198298,-0.276609827,0.015756036,0
-0.615255653,-0.260503225,NA,-0.458620786,-1.331974828,0.241320241,-0.507711844,-0.680794807,-0.522254671,-0.805882396,-0.342001622,-0.686818001,-0.266547157,-0.911488144,-0.745102146,-0.582973347,0
0.285761389,NA,-0.446471825,-0.196064648,-0.247863142,0.379217521,-0.267067754,0.132544122,-0.168029764,0.881309812,0.40439381,-0.136952742,0.764175737,1.632480088,0.640438968,0.204828473,0
-0.083272187,1.360405731,NA,0.269375778,0.116982138,0.741197883,-0.427497147,-0.454867327,-0.031789415,1.218748254,-0.266707346,0.90251857,-0.288713241,0.047021214,0.092203276,0.677509566,0
0.32410254,-0.028944803,NA,NA,-0.675253326,-0.741197883,1.337226176,0.290693358,0.772028645,-0.333468578,-0.469674525,0.480704124,NA,0.529290073,0.171946649,NA,0
-0.806961406,0.20261362,NA,-0.339277087,1.190669673,-0.723960722,-0.491668904,-0.816351295,-0.549502741,-0.873370084,-0.342001622,-1.281877664,-0.676619706,-1.068225523,NA,-1.024142366,0
-0.011382529,-0.260503225,NA,-0.482489525,-0.47719446,-0.172371601,0.398714227,-0.590423815,-0.522254671,NA,-0.296170324,NA,-0.781908604,-0.224255019,-0.137058923,1.559847604,0
-0.495439557,-1.186736914,0.35493576,-0.398948936,2.003753438,-0.361980362,-0.174820853,-0.500052823,-0.549502741,0.408895995,0.754675877,-0.543702385,NA,-0.682410436,-0.725166303,0.866582002,0
4.311582213,NA,5.486559618,0.161966448,5.631357926,5.240096657,3.29446477,8.762973866,1.575846704,3.850768099,3.475090805,-0.001369527,NA,3.308364373,5.066196195,9.973571041,0
NA,NA,NA,NA,NA,NA,NA,NA,NA,NA,NA,NA,NA,NA,NA,NA,0
0.966316814,NA,NA,1.582156465,0.596493076,-0.655012082,-0.427497148,-0.680794807,-0.522254671,-0.198493201,0.02792243,NA,-0.748659478,NA,-0.615519164,-0.992630294,0
1.047791759,-1.186736914,-2.807728671,5.377286088,0.742431187,3.895598173,0.302456591,13.43967271,0.826524785,1.421211319,-0.394380249,-0.377989568,-0.859489897,2.832123875,6.391929779,13.34536283,1
-0.476268982,0.434172042,0.924701059,-0.721176923,-0.821191438,-0.310268881,-0.375357594,0.516620838,NA,-0.940857773,-1.337195531,NA,NA,0.221843675,0.341401318,-0.898094075,0
-0.39958668,0.897288887,-1.705559732,-0.530227005,-1.457064638,-0.792909363,-0.395411269,1.75922198,0.06357883,-0.940857773,-1.238985606,NA,NA,-0.405105842,0.779989872,-1.134434621,0
-0.409171968,-1.186736914,-4.997121886,0.567735025,-1.582154449,-0.206845921,-0.315196572,9.169643333,-0.01816538,-2.088148475,-1.314279882,NA,NA,-0.935601587,1.547519841,-1.150190657,1
0.060507129,-1.186736914,-3.095413445,5.806923405,0.002316478,5.274570977,-0.315196572,12.62633378,2.31154459,-0.063517825,1.082042294,NA,NA,1.795245828,5.185811256,8.949428676,1
NA,-0.72362007,NA,0.376785106,0.356737606,-0.13789728,-0.323218042,-0.274125343,0.295187423,4.525644983,NA,NA,NA,1.391345658,0.062299511,-0.61448542,0
0.822537499,NA,-2.120274146,0.663209984,1.440849292,14.34131717,1.23294707,11.15780516,4.109917197,1.826137449,NA,NA,-0.826240771,3.211910601,10.58842481,-0.39390091,1
NA,-1.186736914,-2.045550828,3.002346481,1.128124768,3.723226572,-0.467604495,15.85709675,NA,-0.603419331,-0.767577965,NA,NA,1.523969594,4.328569991,1.370775167,1
0.228249663,1.591964153,NA,0.519997545,-0.956705398,NA,-0.331239511,4.334795254,0.404179702,5.87539875,NA,2.198091508,0.553597941,1.294891886,3.291906136,NA,0
NA,NA,NA,NA,NA,NA,NA,NA,NA,NA,NA,NA,NA,NA,NA,NA,0
-0.787790831,-0.72362007,-0.270872027,NA,-0.831615588,NA,-0.555840662,-0.454867327,NA,0.071457552,-0.682462696,NA,NA,NA,NA,NA,0
NA,NA,NA,NA,NA,NA,NA,NA,NA,NA,NA,NA,NA,NA,NA,NA,0
1.129266704,0.665730464,NA,0.806422422,NA,0.344743201,0.182134546,19.29119444,0.213443214,5.740423373,0.921632749,5.753384688,1.72840038,0.282127283,1.936268787,1.213214803,1
-0.116820694,-1.186736914,NA,4.14804599,-0.706525778,8.170413867,-0.178831588,31.46868563,0.594916191,0.881309812,0.188331974,1.444851427,-0.809616209,1.101984343,4.986452822,NA,1
-0.433135187,0.20261362,-1.386117548,1.450878396,0.14825459,-0.344743202,-0.226960406,3.431085333,0.594916191,1.016285189,NA,1.309268213,-0.355211492,0.028936132,2.574215774,-0.803557856,0
0.266590813,-0.955178492,-3.110358109,1.952121931,0.335889305,6.998286983,-0.066531013,7.317037994,0.772028645,0.476383683,0.672834272,1.459916229,-0.610121455,0.903048439,4.288698304,8.429479474,1
0.104939289,0.544957354,-0.347844246,-0.426076904,NA,-0.3310985,-0.510451102,-0.413733655,0.746461266,-0.558941545,0.155783592,-0.147252916,-0.251323599,-0.651546292,-0.502055783,-0.286441895,0
-0.841728359,-0.633717727,-0.995586128,NA,-0.857136339,-0.445695748,-1.134587255,-0.967326655,0.34472564,NA,-0.342139899,-0.853984666,-0.049056657,NA,-1.455200422,-0.228458926,0
-1.293697265,-0.628364783,-0.565027679,-0.792277467,-0.893772723,-0.292441834,-1.300613604,NA,-1.080234018,-1.679312689,-0.590884678,NA,NA,-0.978246095,-1.365063928,-0.495679795,0
NA,0.700687985,1.636200339,1.423320118,3.282293967,-0.15045475,0.380662215,0.180929535,1.267356963,0.133546527,-0.296935276,0.091966161,0.143339711,0.90443837,0.714918254,1.549035062,0
0.0304124,0.798995645,-0.295448222,-0.836310972,-0.388075198,-0.193138682,NA,-0.779886274,NA,0.582830804,-0.764565107,-0.498029774,-1.028960361,-0.490462776,0.22044879,NA,0
-1.421339282,-0.336012899,-0.641643521,-0.937171146,-0.700529639,-0.413066002,-1.013087999,0.133517475,-0.986555435,-1.452090179,-0.720418282,-1.307292525,NA,-0.847287261,-0.502217932,-0.547864241,0
1.072074055,-0.545894671,0.714145193,0.966378683,0.191844172,2.718620677,0.48283632,2.078632265,-0.102107511,-0.053337083,1.098981592,0.369227168,NA,0.859394838,NA,-0.159777335,0
0.163422365,-0.780712943,-0.299267301,-0.668350623,-0.110017903,0.005447254,-0.457775346,0.024195761,-0.765662931,0.231816078,-0.854443545,0.18726399,-0.936482138,0.025586931,-0.703226932,-0.491924175,0
0.357749599,-0.45657532,-0.278241056,-0.455029612,-0.506629628,-0.341900937,0.254313474,-1.015143091,NA,0.180128287,2.228442981,1.674018739,1.654616912,-0.57948949,-1.009282522,-0.179524738,0
-1.469541907,-1.142226338,-1.164943898,NA,-0.810565036,-0.552668338,NA,NA,NA,NA,NA,NA,NA,NA,NA,NA,0
0.750297527,2.970847327,0.618562296,0.109547691,-0.031344976,-0.524751609,0.308309185,-0.069262177,0.796726675,0.363347617,-0.265971534,0.01821867,0.333776793,0.733466683,0.74314143,-0.282600303,0
1.373927328,-0.181357073,0.322101424,-0.147780072,1.567110456,-0.411994855,-0.247243077,-0.254950695,5.406545689,-1.472329042,0.768280695,5.037019432,2.561997823,1.967330644,-0.664080528,0.372690245,0
0.098460145,-0.185387587,-0.298230464,-0.691493499,0.448967614,-0.41238885,-1.006046241,-0.706756354,0.573609405,NA,0.439251594,0.579823433,1.204585904,-0.586909638,-0.900300964,-0.025548844,0
-0.657281776,-0.532280491,-0.03534899,1.337180736,-0.100621281,-0.34273962,0.138572178,-0.872115086,-1.172391322,-0.841359704,NA,-0.887890827,-1.104673281,-1.14034233,NA,NA,0
3.836192399,0.069751852,1.641766083,0.792179536,NA,NA,2.834792206,-0.301471152,2.530615575,NA,NA,5.186593171,4.466492203,0.782236948,0.313492179,1.460207376,0
-0.00256686,-0.54725925,-0.092359051,0.137413446,-0.582102455,-0.449587844,0.60288824,0.120188701,-0.52323082,-0.020873189,-0.138281883,0.368104253,-0.416829979,0.07972067,1.02342682,-0.316436559,0
-0.775389425,-0.809989051,-1.168995135,-0.491644044,0.360504567,-0.54715971,-1.125847919,-0.710574172,-0.26974692,-1.448738579,-0.515639317,-1.031823538,-0.363060162,-0.992370072,-1.206814289,-0.201447444,0
-0.779858163,-1.553135396,-1.596896932,3.794813167,-1.383051454,3.356265832,0.082089358,70.22848442,-0.161169783,NA,-1.171776933,-0.345900548,-1.748644148,0.541130979,14.70348457,-0.53547088,1
2.473909507,-1.38740751,-0.84705293,19.45919657,-0.673289746,6.010538284,3.19250728,63.16567185,2.65225678,-0.016206605,-0.489950942,1.386172302,-0.481200078,8.646060356,63.49437802,-0.309128263,1
2.494130731,0.340291542,1.132899568,1.29881234,0.434426551,0.413969192,NA,0.431101013,1.198291591,1.202882852,0.931970941,1.290212944,0.088611491,1.372587929,3.114793545,-0.24118276,0
2.630547831,-0.014715077,0.773239347,45.18031043,0.005366366,5.234303333,12.70096121,60.31266667,3.593566755,1.136147377,-0.033288917,1.37558654,-0.554803248,0.76152426,25.63942686,-0.527606432,1
13.71886071,-0.11320714,2.548262189,63.72302855,NA,16.34053416,9.864023215,168.5546,36.72740636,20.59813347,19.48610768,12.13027796,13.39825816,24.52882621,53.94306783,4.54226648,1
3.277172089,-1.126762864,-0.986147375,6.951098327,3.22024172,13.66619757,0.569029919,45.90799835,8.32577144,0.134981288,2.140229746,1.506486114,0.318089721,6.172724019,31.51685288,-0.002173648,1
NA,1.10207976,0.422456239,0.465617035,-0.459463516,-0.600419833,1.490091991,-0.304627087,1.530238558,1.275677288,-0.956852256,NA,0.226324494,1.571374978,2.21378682,NA,0
-0.349427462,-1.121615397,-0.701927279,-0.261793889,-0.761834041,0.38824461,-0.633992276,-0.213752339,NA,-0.992463368,-0.193719921,-1.383715912,NA,NA,0.523976653,NA,0
-1.352472092,-0.327904454,-1.140537982,-0.169114667,-1.236126828,-0.454555935,-0.717571909,-0.828600434,-0.814908328,-1.534542127,-1.536106319,-1.224432081,NA,-0.766883647,-0.414019082,NA,1
6.277365276,1.156878944,4.841797965,6.243975147,1.414557467,2.174027942,5.854244454,10.08057139,3.304256116,5.950393055,6.915369015,7.14829717,2.98605733,1.995902292,13.57091076,0.139388152,0
0.797463022,-0.765061552,-0.355793019,2.996504856,-0.341141503,0.214091829,6.247471525,7.544190907,-0.32513695,1.109285896,2.991162354,1.325373266,-1.291063473,0.096874308,5.599616182,-0.21728111,0
-0.662987598,-0.773737438,0.289751031,-0.283325775,-0.576369851,1.332143612,0.137791433,-0.970906758,NA,-1.171638465,-0.496392323,-0.360757717,-1.2425924,-0.838425205,-0.529727355,NA,0
-0.370136579,NA,0.287373516,-0.198006115,0.47302929,0.82174576,0.059753201,-0.797054376,-0.667874616,NA,0.06083596,-0.328671188,-0.745829796,-0.631041984,-0.627900638,-0.592909539,0
-0.438559714,0.19343436,0.37202497,-0.217150046,-0.598964019,-0.530562644,-0.294186216,-0.617312732,NA,-0.958190763,-1.238647151,-0.433794422,-0.839187467,-0.723721511,0.271600969,-1.266465088,0
1.239175561,NA,0.832738033,1.757336115,1.685822,-0.01252369,2.077768082,0.329856659,NA,0.715946287,1.357505149,0.089313857,-0.286529706,-0.307296899,0.764218481,1.192762364,0
-0.474139744,-0.580303079,NA,NA,NA,-0.935200693,-0.308211944,-0.85709694,NA,-0.986283555,-0.74439496,NA,-0.850502905,-0.679189967,-0.811848469,-0.9811419,0
2.07941166,-1.998821715,NA,NA,0.410575119,-0.721333185,0.579071391,0.389028565,NA,NA,0.288727602,2.587418239,1.412026494,1.287786884,-0.255057233,NA,0
-0.266133414,NA,0.617672215,-0.259843753,-0.115640122,0.724682921,-0.203876293,1.296205173,NA,-0.189517042,-0.079374622,-0.307599508,-0.108811588,-0.142774335,1.206036446,0.017059162,0
0.245671638,0.06447812,0.337386447,-0.28498329,0.639710369,0.573034824,-0.119177482,0.957371268,0.636355037,0.469097959,0.571054681,0.056733325,0.449093965,1.387567043,0.226736361,0.628492912,0
-0.268870339,0.19343436,0.947309862,-0.268470088,0.56735097,NA,-0.390169661,-0.612277699,NA,0.081857564,-0.451432518,-0.16766089,0.052523528,0.501531742,-0.020180579,-0.032013959,0
-1.026998676,0.3223906,-0.424402873,-0.381386279,-0.940737081,-0.623659057,-0.440685276,1.11281662,NA,0.91275558,0.002309999,-0.188904602,-0.340576652,-0.531676368,0.160570613,-0.052558104,0
0.007559127,NA,0.326352848,-0.247706874,NA,0.093194435,-0.296136515,-0.271801042,NA,0.767471038,0.231541175,-0.079909835,0.436446258,0.12197345,-0.299163815,1.000524609,0
-0.485087446,-1.096128037,NA,-0.249411331,-0.659206591,1.443550885,-0.283950226,17.77806964,NA,NA,-1.132778991,-0.579103943,-1.477492003,-0.683719418,6.399219148,-1.34472676,1
-0.728673808,0.773737438,-0.116055051,NA,-0.660555751,-0.55903617,-0.497663565,-0.125629022,-0.385990211,-0.143715488,-0.836921717,-0.480118658,-0.283070051,0.044515013,-0.098862584,-0.506827171,0
NA,1.096128037,-0.70697253,NA,-1.381331873,-0.934686656,NA,-0.551758736,NA,NA,NA,-0.706392609,NA,-0.533077674,-0.108951978,-1.484876186,0
-0.870993929,-0.709259318,-0.669618874,-0.37378736,-0.097016586,2.319137859,-0.495739544,5.173517386,NA,-0.255679279,-0.601990778,-0.564580567,-0.660151217,3.645166258,19.9761839,-0.343163984,0
-0.271607264,0.773737438,-1.223699055,-0.310191063,0.720907623,NA,-0.450630568,0.093144396,0.693759216,0.971505218,1.488689608,-0.305467245,0.997836202,-0.025245138,-0.104932674,1.129391322,0
NA,NA,-0.095088659,NA,-0.445817237,1.867430619,NA,NA,NA,NA,-0.239075878,-0.01136335,0.372829603,-0.695471574,0.698187885,-0.310306726,0
-0.671198374,0.451346839,-1.172137051,-0.373610236,-0.054167935,-0.916222974,-0.474927597,0.041652353,-1.058197303,NA,1.026810994,-0.796389563,-0.330307237,-0.961170518,-0.587243372,-1.225568288,0
0.653473523,0.838215558,-0.531978339,-0.209162519,3.487924545,0.640616901,-0.367949393,11.361688,5.120319981,3.557959056,2.793144279,0.01930588,2.310017168,0.015079942,3.317058759,2.54186131,1
1.611397416,NA,1.651962218,-0.181580507,2.57175926,2.920332846,-0.195577463,14.62771599,7.461135087,5.714262499,NA,0.628026637,4.539324694,1.019458265,6.085654613,3.228587118,1
-0.561721357,-0.773737438,0.960142202,-0.149101931,0.360818426,0.825545472,-0.304645566,17.77758502,-0.026240663,-0.646761765,-0.916682443,-0.326254834,-0.810043674,-0.116078297,9.108342218,-0.632234904,1
-1.245952709,-0.515824959,-1.536580612,-0.382142202,-1.510765879,-0.302156202,-0.484371149,-0.882994916,-1.194488869,-1.574267191,-1.575643411,-0.764681822,-1.282390798,-0.891822366,-1.178474878,-1.233194454,0
-0.279818041,NA,-0.197585662,1.388112018,-0.705197589,3.774441377,-0.122413747,18.47867847,NA,NA,-0.549443275,0.080997874,-0.955688425,-0.297701381,9.711449479,NA,1
0.308620922,NA,1.528595284,-0.21255982,0.463021594,-0.60061766,-0.362636368,-0.46193309,NA,NA,0.403540973,0.21468175,2.245375693,0.897302976,0.029455485,0.612675228,0
-0.548036731,-0.773737438,-0.026776238,-0.101095467,-0.198442705,-0.483660169,-0.349110738,0.584852746,-0.543562833,NA,-0.474672089,-0.472997437,-0.56827777,-0.567197331,1.010242242,-0.534258878,0
0.549470358,NA,1.014402317,-0.109297382,0.102505449,0.029682982,0.108520526,-0.603916094,-0.904111798,0.322315721,-0.922400187,-0.690972767,0.012894756,-0.558942083,0.594203064,-0.831205206,0
0.760454418,0.817499797,0.462341892,0.834188152,-0.032701816,0.738000433,1.129055751,0.260789099,0.095439814,0.472123333,0.371840771,-0.049597607,0.385651058,1.471053935,1.322573036,0.459326748,0
NA,NA,NA,NA,NA,NA,NA,NA,NA,NA,NA,NA,NA,NA,NA,NA,0
0.524111773,0.43467915,NA,NA,-0.422727882,NA,0.084843012,0.535855382,0.086651227,NA,NA,NA,NA,NA,NA,0.358325913,0
-0.613463634,-0.868775621,-1.181171792,-0.582252695,1.851593278,-0.486674717,0.15489662,-0.905201295,-0.483514552,0.481601151,0.543700125,0.558700171,-0.569326465,-0.503649077,-0.594876863,NA,0
-0.435117545,0.652601405,0.165320148,-0.536682145,1.475388927,0.531996546,-1.112694363,-0.492572341,-0.560358093,-0.005761656,1.138481195,-0.812231329,-0.15926095,-0.420015549,-0.523630804,0.382632296,0
0.413817604,1.088154576,0.367108134,0.1804871,-0.886529866,-0.699673155,1.694164064,1.23513372,0.468178302,0.43368867,-0.598560558,0.372384013,-0.047614968,0.530946171,0.049439123,0.096563604,0
1.711477864,0.352812635,1.708604425,2.274741726,0.041820254,0.15810694,0.491162942,0.704409935,1.707450132,1.666455505,0.303798415,1.822539931,1.617310008,0.620318855,0.610065575,1.26119988,0
-0.188641454,-0.305032889,-0.42579163,-0.282824199,0.328070021,-0.129757731,-0.053586107,-0.659866542,-0.639145786,-0.252502227,-0.297836216,-0.210299857,0.266505327,-0.392595201,-0.43467947,-0.313689961,0
-0.58853464,0.789239825,0.714041839,-1.141743839,NA,NA,NA,NA,-1.101343495,-1.470043556,-0.91890458,NA,-1.249533768,-0.335079261,-0.585765413,-0.970184547,0
-0.859974579,-1.159532854,-0.701665497,-0.965389526,-0.625902988,-0.067894223,-0.992261951,-1.067260104,NA,-1.133479002,0.596869253,-0.520210327,-1.13116996,NA,-0.705206356,-0.973103823,0
NA,-0.846342448,NA,NA,NA,NA,NA,NA,NA,NA,NA,NA,NA,NA,NA,NA,0
-0.216300427,-0.451868206,0.098391112,NA,-0.141363127,-1.695098737,5.194983618,-0.17416111,-0.539754668,-0.806230397,-1.336736745,-0.472009043,-0.535668648,-0.058731252,0.394990513,-1.375430381,0
-0.886714047,-0.23598533,-0.996989606,-0.842733951,-0.596734315,0.010569107,-0.635619429,0.172126933,-0.646406478,-1.073901789,-0.858989788,-1.064672945,-1.184513115,-0.538800777,0.202063449,-0.627175835,0
-0.880521806,-0.90461043,NA,NA,NA,NA,NA,NA,NA,NA,NA,NA,NA,NA,NA,NA,0
NA,-0.214426176,0.379342725,-0.259420268,-1.545616544,0.679194515,-0.446821826,-0.185689451,NA,-0.048505177,-1.783843501,0.424228522,-0.25297404,0.915102393,4.182054994,-1.337433734,0
-0.053119214,0.372915089,-0.420550479,0.255422711,-0.502831044,0.523431969,NA,-0.147726637,-0.033747723,-0.716092027,-0.870911174,-0.609703601,0.578688824,-0.322244572,0.115563562,-0.479700268,0
NA,-1.049989047,NA,NA,NA,-2.331879997,NA,NA,-0.425964072,-0.202273753,NA,0.607761077,0.18269326,NA,NA,NA,0
NA,2.020442298,NA,NA,NA,5.244897684,NA,-0.84559259,-0.521630777,-0.634691028,3.949291011,0.453521848,NA,-0.527494739,-0.606363917,0.399785087,0
NA,0.622302054,NA,0.109342066,-1.62288025,1.534423929,-0.763465766,2.959457569,NA,-0.331537763,-1.116379421,NA,NA,-0.295762947,NA,-0.760076568,1
1.704699792,-3.906576895,-1.087188732,NA,-0.846825595,5.2430454,2.266158476,11.62865021,2.014702185,-0.08365565,13.28636624,3.611721713,-0.815270596,NA,18.00046265,-0.083059888,1
0.831970635,0.30299351,-0.162040056,1.165607036,-1.344566597,-1.602453576,NA,-0.387705406,0.530290566,-0.190824806,-0.035979757,0.440647356,-0.195950144,-0.05812369,0.581575426,0.007795416,1
NA,-0.508679488,NA,NA,NA,NA,NA,NA,NA,NA,NA,NA,NA,NA,NA,NA,0
NA,1.74396072,NA,NA,NA,NA,NA,NA,-0.881555918,NA,-3.356974221,NA,NA,NA,18.5970843,NA,1
0.126119196,-0.559663973,0.548886159,0.186615472,-0.538872409,6.055987866,0.360317034,5.625840914,0.308353359,-0.018849921,2.126697279,0.553294615,-0.317901684,0.634444983,4.633637005,1.51483363,0
0.603263455,-0.474689832,0.078410044,5.384902471,1.377607759,8.900343101,1.941753651,6.086014941,4.93785467,-0.530479548,5.865629316,0.281396678,-1.284087073,2.146501069,5.851638902,3.341424908,1
NA,-2.065599984,NA,NA,NA,NA,NA,NA,NA,NA,NA,NA,NA,NA,NA,NA,0
0.310832641,0.401231973,0.530147171,-0.047325609,NA,NA,NA,-0.198659563,NA,0.257557646,0.143213199,NA,-0.454825374,NA,0.006903156,0.091292058,0
1.945061065,-1.267415524,0.918208484,0.292142781,-0.020531787,-0.494100498,NA,NA,7.150960285,NA,4.103381897,5.642673776,5.656632544,0.517738656,-0.343839156,13.18019606,0
NA,NA,2.768120211,1.507828791,3.750734243,-0.070651047,-0.404611686,-0.626902085,NA,1.116850967,-0.018379832,3.432217619,NA,0.129445416,-0.385392818,1.027200332,0
-0.055957877,NA,0.386454338,1.136009477,-0.127252965,-0.369482828,0.323097267,NA,-0.352139475,0.845986194,0.874138372,0.742888867,-0.419558626,NA,-0.409025082,NA,0
-0.380799141,NA,-1.320755101,-1.235665863,-1.244384198,NA,NA,-0.659813481,-0.244149824,-1.147329657,-1.216390097,-1.048915947,-0.528341357,-0.461099111,-0.4028073,-0.658018652,0
-0.614399252,NA,NA,-0.081254345,-0.063796952,-0.336541812,NA,-0.609198012,-0.216612934,-0.331872808,0.054304617,-0.322040654,0.013163365,NA,-0.38519163,0.153876601,0
NA,0.794557133,1.140549705,0.056976588,0.0101933,0.401531111,0.349099491,1.467671057,-1.313385468,1.678020572,1.236983515,NA,2.934206952,1.891311642,1.471462351,2.547246726,0
-0.280091937,1.067652234,0.501817343,0.61186966,0.440442059,-0.395780089,1.176167309,NA,0.02901059,-0.040428684,0.320880677,0.739009005,-0.320072271,-0.311496907,-0.448518075,0.021162562,0
-0.358015953,-0.006821564,0.682683457,-0.246594593,1.744202965,-0.483145726,-0.461419499,NA,-0.113448582,0.508332605,-0.25281766,1.11726157,0.477866248,-0.444475745,-0.438600432,-0.230623298,0
NA,-1.643686775,NA,NA,NA,NA,NA,NA,NA,NA,NA,NA,NA,-0.533531546,NA,-0.652263871,0
NA,NA,0.086748691,-0.515612587,0.675296567,2.560119827,0.223828766,NA,0.267770763,NA,1.5301835,0.709772917,-0.861696328,0.851512366,2.994551616,-0.381858865,0
0.294227611,2.103057074,-0.105018138,-0.104997128,3.453091464,-0.375687145,3.181641492,-0.614643815,1.699738246,1.498460256,-0.032966053,1.220305708,-0.099740851,NA,-0.396394075,-0.656698099,0
-0.682374809,0.284800283,-1.254731474,-0.953884444,-0.964342771,-0.458250982,-1.765102763,NA,-0.96112675,-1.396810042,-0.771084522,-1.080293649,-0.756190732,-0.63936799,-0.480150963,-0.946244642,0
-0.249927592,NA,NA,NA,1.425179869,-0.522669413,-0.560418382,NA,0.800543353,-0.543537142,NA,-0.516397466,0.213666884,-0.448392426,NA,0.61530843,0
0.990880083,NA,0.440058542,NA,0.042259264,-0.200732187,NA,NA,NA,0.810587073,0.718686447,2.017966462,0.834768223,-0.245079857,-0.288549017,1.107181711,0
2.094175958,-0.982692759,NA,0.728081613,NA,NA,NA,NA,2.074527737,0.761333849,NA,NA,0.441412134,NA,-0.285464761,0.595828329,0
2.200034799,2.227705647,-0.768252102,-0.575604393,-0.282110623,-0.357744255,-0.641330211,NA,1.283871359,-0.13111713,-0.562556339,-0.551816531,-0.289414888,-0.395883352,-0.440939665,0.272767663,0
NA,NA,NA,NA,NA,NA,NA,NA,NA,NA,NA,NA,NA,-0.612583088,NA,NA,0
2.08965974,NA,-0.952061669,15.37597315,NA,7.426580856,1.223410138,1.062563174,19.09518675,-0.492739522,5.888996374,0.275711222,-1.204088099,8.781040697,11.07513002,5.424671734,1
NA,NA,-1.507164716,1.989099876,-1.546608442,0.275614168,-1.505585144,1.716877211,-0.287086293,-1.2833977,0.005185561,-0.448258627,-1.3084923,0.308897336,3.396009908,NA,1
-0.667084356,NA,-1.004803567,-1.030018326,-1.253806558,-0.438377396,NA,-0.667114443,-0.713176276,-1.185315367,-0.295284366,0.062802695,-0.404536738,NA,-0.407253592,-0.431913181,0
-1.160769041,NA,NA,NA,NA,NA,NA,NA,NA,NA,NA,NA,NA,NA,NA,NA,0
-1.117444265,NA,NA,NA,NA,NA,NA,NA,NA,NA,NA,NA,-1.71910388,NA,NA,NA,1
NA,NA,NA,NA,NA,NA,NA,-0.687771581,NA,NA,NA,NA,NA,-0.708084927,-0.491152564,NA,0
NA,1.211809444,NA,-1.747342237,NA,NA,-1.662888876,NA,NA,NA,NA,NA,-1.723044622,NA,-0.460596371,-1.465969565,0
NA,-0.726496531,NA,NA,-0.355903925,NA,NA,NA,NA,NA,NA,NA,NA,NA,NA,0.502824155,0
